Платформы,Дата просмотра,Кол-во рекламы,Вид рекламы,Количество повторений
one,8,<50,Ноутбуки,62
mail.ru,8,>=50,Ролик,6
ru,8,>=50,Умные,227
mail.ru,6,>=50,Ноутбуки,62
ru,8,<50,Планшеты,417
ru,7,>=50,Ноутбуки,486
one,8,<50,Велосипеды,48
tv,8,>=50,Ноутбуки,71
ru,6,>=50,Купальник,69
ru,7,>=50,Парфюмерия,282
com,8,>=50,Концерт,305
ru,7,<50,Наручные,369
com,8,>=50,Ролик,360
net,7,>=50,Газонокосилки,48
ru,8,>=50,Наручные,335
ru,7,<50,Путешестви,74
ru,7,>=50,Газонокосилки,346
ru,7,>=50,Концерт,71
ru,8,<50,Кофеварки,211
ru,7,>=50,Кофеварки,200
com,7,<50,Наручные,1493
mail.ru,8,>=50,Парфюмерия,32
tv,8,<50,Ноутбуки,61
ru,8,>=50,Гироскутеры,307
ru,7,<50,Палатки,341
net,7,<50,Планшеты,60
com,8,<50,Холодильники,1893
ru,6,>=50,Умные,199
ru,7,>=50,Холодильники,433
tv,7,<50,Планшеты,56
tv,8,>=50,Микроволновые,38
ru,7,<50,Ноутбуки,485
ru,6,<50,Телевизоры,186
tv,6,<50,Ноутбуки,63
ru,6,>=50,Вентиляторы,275
ru,7,<50,Наушники,241
ru,6,>=50,Кофеварки,219
net,8,<50,Микроволновые,37
one,7,<50,Наручные,43
ru,7,<50,Планшеты,429
ru,8,>=50,Концерт,74
ru,8,>=50,Газонокосилки,359
mail.ru,6,>=50,Микроволновые,45
mail.ru,8,<50,Кондиционеры,43
ru,6,<50,Кондиционеры,349
ru,6,<50,Ноутбуки,470
ru,7,<50,Холодильники,430
net,8,<50,Газонокосилки,52
com,8,<50,Палатки,1563
ru,6,<50,Сумк,63
com,7,>=50,Смартфоны,1614
ru,6,<50,Микроволновые,280
ru,8,>=50,Экскурс,56
net,6,>=50,Кофеварки,21
ru,8,<50,Газонокосилки,387
ru,6,<50,Ролик,76
ru,7,>=50,Планшеты,450
ru,7,>=50,Телевизоры,248
ru,7,<50,Микроволновые,285
tv,8,>=50,Кондиционеры,45
tv,6,>=50,Микроволновые,39
tv,8,<50,Наушники,29
ru,8,>=50,Микроволновые,288
ru,7,<50,Компьютерные,67
ru,7,>=50,Гироскутеры,274
tv,8,<50,Холодильники,43
ru,6,>=50,Палатки,364
ru,8,>=50,Телевизоры,228
ru,6,<50,Холодильники,358
ru,7,<50,Велосипеды,330
ru,8,<50,Смартфоны,373
one,6,<50,Гироскутеры,39
com,8,<50,Ноутбуки,2119
tv,6,>=50,Планшеты,45
com,8,>=50,Холодильники,1898
ru,7,>=50,Кондиционеры,357
ru,8,>=50,Парфюмерия,299
net,8,>=50,Велосипеды,46
ru,6,<50,Наушники,261
mail.ru,8,<50,Ноутбуки,58
ru,8,<50,Наушники,270
one,7,>=50,Кондиционеры,49
ru,7,>=50,Вентиляторы,313
mail.ru,8,<50,Микроволновые,32
tv,8,>=50,Палатки,37
one,7,<50,Газонокосилки,36
net,6,<50,Кондиционеры,39
ru,8,<50,Кондиционеры,338
ru,6,<50,Туристические,65
ru,6,<50,Смартфоны,332
one,7,<50,Микроволновые,38
ru,7,<50,Газонокосилки,308
ru,7,<50,Вентиляторы,302
ru,8,>=50,Планшеты,429
mail.ru,7,>=50,Планшеты,61
ru,6,>=50,Компьютерные,72
ru,8,<50,Ноутбуки,469
one,7,>=50,Велосипеды,58
tv,7,<50,Кофеварки,30
ru,6,<50,Планшеты,400
one,6,>=50,Ноутбуки,54
com,7,>=50,Газонокосилки,1605
tv,6,>=50,Велосипеды,55
ru,7,<50,Смартфоны,370
ru,6,>=50,Ноутбуки,483
com,7,<50,Гироскутеры,1254
ru,8,>=50,Смартфоны,381
com,8,>=50,Кондиционеры,1586
ru,8,>=50,Ноутбуки,469
tv,7,>=50,Газонокосилки,45
ru,6,>=50,Парфюмерия,270
ru,8,>=50,Кондиционеры,352
ru,7,>=50,Умные,236
one,6,>=50,Микроволновые,34
ru,7,<50,Умные,210
com,6,<50,Наушники,1181
ru,7,<50,Гироскутеры,269
ru,6,<50,Наручные,351
ru,6,<50,Палатки,357
ru,7,>=50,Палатки,370
ru,6,<50,Газонокосилки,307
mail.ru,6,>=50,Велосипеды,37
ru,6,>=50,Кондиционеры,345
ru,8,<50,Вентиляторы,294
mail.ru,7,<50,Наушники,31
ru,6,>=50,Планшеты,398
mail.ru,6,>=50,Палатки,53
ru,8,>=50,Ролик,75
tv,8,>=50,Парфюмерия,31
one,8,<50,Умные,28
tv,8,>=50,Умные,19
ru,8,>=50,Велосипеды,341
one,6,<50,Велосипеды,43
ru,6,>=50,Сумк,73
ru,7,>=50,Компьютерные,79
tv,8,<50,Наручные,46
ru,6,>=50,Микроволновые,289
com,6,>=50,Ноутбуки,2180
tv,7,>=50,Холодильники,51
ru,7,<50,Парфюмерия,292
net,8,>=50,Смартфоны,43
ru,6,>=50,Чемодан,62
ru,8,>=50,Кофеварки,227
tv,6,>=50,Кондиционеры,43
one,6,>=50,Смартфоны,30
net,8,>=50,Ноутбуки,71
ru,8,>=50,Вентиляторы,294
one,8,<50,Палатки,56
ru,6,<50,Парфюмерия,247
net,7,<50,Телевизоры,24
ru,6,<50,Экскурс,67
tv,8,>=50,Наручные,45
com,7,<50,Наушники,1262
mail.ru,7,>=50,Кондиционеры,40
mail.ru,8,>=50,Компьютерные,11
ru,8,>=50,Палатки,363
one,7,<50,Велосипеды,38
ru,6,>=50,Наушники,312
com,6,>=50,Телевизоры,929
tv,7,<50,Кондиционеры,41
ru,8,<50,Парфюмерия,249
one,6,<50,Планшеты,45
net,8,>=50,Кондиционеры,52
mail.ru,7,<50,Кондиционеры,39
mail.ru,7,<50,Умные,23
tv,8,<50,Смартфоны,48
ru,8,<50,Микроволновые,286
ru,8,>=50,Путешестви,74
one,6,>=50,Холодильники,46
ru,8,<50,Палатки,365
ru,7,<50,Кондиционеры,395
ru,6,>=50,Гироскутеры,312
ru,6,>=50,Концерт,56
tv,7,<50,Ноутбуки,67
tv,7,<50,Вентиляторы,31
mail.ru,7,>=50,Чемодан,11
com,6,>=50,Кофеварки,952
ru,7,>=50,Наручные,381
net,7,>=50,Палатки,55
tv,6,>=50,Путешестви,6
mail.ru,7,>=50,Наручные,50
ru,7,<50,Телевизоры,182
ru,8,<50,Наручные,340
net,8,<50,Смартфоны,40
ru,6,>=50,Смартфоны,334
ru,6,>=50,Велосипеды,395
net,8,<50,Купальник,10
tv,6,<50,Концерт,16
com,7,<50,Кондиционеры,1634
tv,6,>=50,Палатки,56
ru,7,>=50,Велосипеды,374
com,8,>=50,Палатки,1593
ru,7,>=50,Купальник,77
one,7,>=50,Газонокосилки,40
com,7,>=50,Планшеты,1940
mail.ru,6,<50,Палатки,42
ru,8,>=50,Сериал,89
ru,7,>=50,Смартфоны,337
mail.ru,8,>=50,Палатки,50
one,8,<50,Газонокосилки,42
ru,8,<50,Экскурс,78
net,6,<50,Смартфоны,40
net,6,>=50,Холодильники,71
one,7,>=50,Планшеты,38
com,7,<50,Палатки,1553
ru,7,>=50,Ролик,82
net,6,>=50,Концерт,8
ru,8,<50,Сумк,58
ru,7,>=50,Сериал,64
ru,7,<50,Кофеварки,196
ru,7,<50,Купальник,75
ru,6,<50,Путешестви,72
net,8,<50,Велосипеды,51
tv,6,>=50,Экскурс,7
ru,8,<50,Велосипеды,326
tv,7,>=50,Наручные,53
net,6,<50,Наушники,29
ru,8,<50,Кин,74
net,6,<50,Планшеты,66
tv,7,<50,Парфюмерия,44
mail.ru,8,>=50,Наручные,43
net,8,<50,Телевизоры,30
com,6,>=50,Наручные,1526
ru,8,<50,Умные,194
one,8,>=50,Гироскутеры,31
mail.ru,6,<50,Смартфоны,45
ru,6,<50,Умные,203
ru,6,>=50,Наручные,343
ru,6,<50,Велосипеды,331
ru,8,>=50,Кин,68
one,8,>=50,Умные,27
tv,8,>=50,Гироскутеры,43
one,6,>=50,Парфюмерия,43
one,7,<50,Кондиционеры,33
com,7,>=50,Вентиляторы,1282
net,8,<50,Ноутбуки,63
tv,7,>=50,Вентиляторы,26
ru,8,<50,Чемодан,78
one,6,>=50,Газонокосилки,38
ru,8,>=50,Наушники,302
ru,8,<50,Гироскутеры,274
com,7,<50,Купальник,289
tv,8,<50,Кондиционеры,37
ru,7,>=50,Наушники,286
net,8,>=50,Наушники,39
one,8,<50,Кондиционеры,34
net,7,>=50,Вентиляторы,38
com,6,>=50,Микроволновые,1260
ru,7,<50,Надувные,65
com,6,<50,Планшеты,1736
ru,8,>=50,Купальник,86
one,8,<50,Гироскутеры,35
tv,7,>=50,Кондиционеры,54
one,6,<50,Умные,29
com,7,>=50,Ноутбуки,2251
tv,7,<50,Микроволновые,31
mail.ru,6,<50,Ноутбуки,58
tv,8,<50,Газонокосилки,40
ru,8,<50,Компьютерные,49
ru,7,>=50,Надувные,66
one,7,>=50,Холодильники,65
mail.ru,7,<50,Вентиляторы,35
tv,6,<50,Велосипеды,49
tv,6,>=50,Газонокосилки,51
ru,8,<50,Туристические,62
mail.ru,8,>=50,Велосипеды,45
ru,6,<50,Компьютерные,86
mail.ru,6,>=50,Кин,15
mail.ru,6,>=50,Холодильники,54
mail.ru,8,<50,Смартфоны,52
ru,8,<50,Холодильники,416
tv,8,>=50,Надувные,11
one,7,>=50,Телевизоры,28
net,8,<50,Наручные,42
com,6,<50,Экскурс,287
mail.ru,8,<50,Планшеты,42
com,7,>=50,Холодильники,2009
one,8,<50,Надувные,11
one,8,>=50,Наушники,43
mail.ru,6,>=50,Сериал,12
mail.ru,8,<50,Компьютерные,14
ru,7,<50,Концерт,74
tv,6,>=50,Телевизоры,34
com,6,>=50,Холодильники,1837
one,7,<50,Планшеты,49
ru,6,<50,Гироскутеры,264
com,8,<50,Вентиляторы,1225
mail.ru,7,<50,Смартфоны,44
com,7,>=50,Путешестви,341
tv,7,>=50,Планшеты,52
one,8,<50,Наручные,34
ru,7,<50,Ролик,78
one,6,>=50,Палатки,43
one,8,>=50,Ноутбуки,53
mail.ru,7,>=50,Парфюмерия,33
ru,6,>=50,Холодильники,414
ru,6,<50,Вентиляторы,267
com,6,<50,Велосипеды,1477
com,8,<50,Путешестви,332
one,8,>=50,Наручные,50
com,8,<50,Гироскутеры,1175
one,8,>=50,Кондиционеры,40
ru,6,>=50,Газонокосилки,327
mail.ru,6,<50,Гироскутеры,33
ru,8,<50,Надувные,69
net,7,<50,Велосипеды,43
com,8,>=50,Вентиляторы,1280
tv,6,<50,Планшеты,57
net,7,<50,Смартфоны,56
mail.ru,7,<50,Микроволновые,34
ru,8,>=50,Сумк,83
com,8,<50,Надувные,298
com,7,>=50,Умные,949
net,6,>=50,Наушники,38
one,7,<50,Палатки,52
net,8,<50,Умные,28
net,6,>=50,Парфюмерия,35
tv,6,<50,Газонокосилки,41
one,6,>=50,Кондиционеры,46
mail.ru,8,<50,Концерт,10
one,6,>=50,Наручные,51
mail.ru,8,>=50,Кондиционеры,39
mail.ru,6,>=50,Наушники,41
com,8,<50,Планшеты,1823
ru,8,>=50,Туристические,78
net,6,>=50,Ноутбуки,72
net,6,<50,Гироскутеры,33
one,6,<50,Кондиционеры,43
ru,6,>=50,Кин,59
one,7,>=50,Гироскутеры,49
ru,7,>=50,Кин,86
net,6,<50,Туристические,6
net,8,>=50,Газонокосилки,43
net,8,>=50,Планшеты,51
one,7,>=50,Вентиляторы,45
mail.ru,7,<50,Сериал,10
tv,6,<50,Микроволновые,37
com,7,>=50,Экскурс,343
net,6,<50,Велосипеды,43
ru,7,>=50,Туристические,86
tv,8,<50,Надувные,5
mail.ru,8,>=50,Ноутбуки,70
one,6,<50,Холодильники,56
ru,7,>=50,Путешестви,67
ru,8,<50,Телевизоры,212
net,8,>=50,Чемодан,11
com,7,>=50,Велосипеды,1558
ru,8,>=50,Холодильники,411
tv,8,<50,Чемодан,7
ru,7,>=50,Микроволновые,280
one,8,<50,Парфюмерия,39
com,8,>=50,Ноутбуки,2224
mail.ru,7,<50,Кофеварки,30
net,7,<50,Ноутбуки,52
ru,6,>=50,Телевизоры,202
ru,7,>=50,Экскурс,79
mail.ru,6,<50,Путешестви,8
mail.ru,8,>=50,Умные,38
ru,7,<50,Туристические,71
net,6,<50,Наручные,37
one,8,>=50,Кин,10
mail.ru,8,<50,Надувные,6
com,8,<50,Кофеварки,934
ru,7,<50,Сериал,69
mail.ru,7,>=50,Сериал,5
one,8,>=50,Палатки,40
one,6,>=50,Велосипеды,40
tv,6,>=50,Умные,36
com,6,<50,Кондиционеры,1494
tv,7,<50,Газонокосилки,54
com,6,<50,Наручные,1519
com,7,<50,Сериал,327
mail.ru,8,<50,Газонокосилки,53
net,6,<50,Ноутбуки,71
com,7,<50,Умные,928
mail.ru,7,>=50,Кофеварки,20
one,7,<50,Холодильники,66
tv,6,<50,Телевизоры,19
net,8,<50,Кофеварки,25
mail.ru,6,>=50,Планшеты,60
tv,6,>=50,Наручные,39
net,6,>=50,Ролик,5
tv,7,>=50,Кин,14
ru,7,>=50,Чемодан,64
com,7,<50,Парфюмерия,1200
com,8,>=50,Микроволновые,1334
one,8,>=50,Телевизоры,28
com,7,>=50,Туристические,329
one,8,>=50,Кофеварки,29
com,7,<50,Путешестви,309
one,6,<50,Вентиляторы,35
one,7,<50,Наушники,45
tv,6,<50,Кофеварки,25
mail.ru,6,<50,Микроволновые,33
net,6,<50,Кофеварки,26
mail.ru,7,>=50,Телевизоры,18
ru,7,<50,Кин,69
tv,7,<50,Холодильники,47
net,6,>=50,Умные,28
net,7,<50,Кондиционеры,48
ru,6,>=50,Надувные,67
com,7,>=50,Кин,323
tv,7,<50,Велосипеды,46
one,6,>=50,Вентиляторы,45
mail.ru,7,<50,Телевизоры,37
com,6,>=50,Наушники,1187
net,7,>=50,Гироскутеры,38
tv,7,<50,Сериал,6
one,6,>=50,Купальник,11
mail.ru,7,<50,Надувные,7
one,8,<50,Планшеты,60
tv,8,<50,Велосипеды,49
net,8,<50,Чемодан,11
net,8,>=50,Палатки,37
tv,7,>=50,Кофеварки,28
tv,6,<50,Наручные,48
tv,7,>=50,Парфюмерия,39
com,8,>=50,Гироскутеры,1245
ru,6,<50,Кофеварки,206
one,8,>=50,Сериал,7
net,7,>=50,Ролик,9
mail.ru,8,>=50,Телевизоры,18
one,7,>=50,Сумк,13
one,7,>=50,Палатки,45
net,7,<50,Наручные,42
com,8,<50,Микроволновые,1214
net,6,>=50,Планшеты,40
mail.ru,6,<50,Надувные,10
com,7,<50,Планшеты,1850
mail.ru,8,<50,Велосипеды,49
mail.ru,8,<50,Палатки,44
com,8,>=50,Газонокосилки,1524
mail.ru,6,>=50,Газонокосилки,46
tv,7,>=50,Ноутбуки,65
mail.ru,8,<50,Наручные,48
one,6,>=50,Кофеварки,29
tv,8,>=50,Концерт,11
com,8,>=50,Наручные,1624
net,8,<50,Ролик,8
tv,7,>=50,Надувные,8
com,8,<50,Кондиционеры,1524
net,6,>=50,Смартфоны,45
mail.ru,8,>=50,Наушники,38
one,8,>=50,Велосипеды,40
mail.ru,7,>=50,Концерт,9
mail.ru,6,<50,Планшеты,50
ru,8,<50,Сериал,66
com,7,>=50,Кофеварки,1006
ru,8,<50,Концерт,68
tv,8,<50,Путешестви,13
com,7,<50,Микроволновые,1209
tv,6,>=50,Туристические,13
one,7,<50,Смартфоны,52
one,6,<50,Наушники,38
one,6,>=50,Надувные,7
net,8,>=50,Ролик,13
ru,6,<50,Кин,65
one,8,>=50,Смартфоны,52
net,6,>=50,Гироскутеры,36
tv,7,<50,Палатки,46
tv,7,>=50,Сумк,11
ru,8,>=50,Чемодан,56
com,7,<50,Велосипеды,1578
tv,7,<50,Компьютерные,9
mail.ru,7,>=50,Холодильники,52
com,7,<50,Телевизоры,929
net,7,<50,Концерт,10
com,7,<50,Кофеварки,892
tv,7,<50,Смартфоны,48
tv,8,>=50,Сумк,8
tv,8,>=50,Планшеты,39
mail.ru,6,<50,Велосипеды,41
com,6,>=50,Смартфоны,1566
com,7,>=50,Палатки,1507
net,7,>=50,Кондиционеры,40
net,8,<50,Гироскутеры,33
ru,6,>=50,Ролик,55
one,8,>=50,Газонокосилки,41
net,6,<50,Парфюмерия,31
com,8,>=50,Планшеты,2005
ru,6,>=50,Сериал,60
com,6,>=50,Гироскутеры,1243
mail.ru,6,>=50,Парфюмерия,32
one,6,>=50,Наушники,30
com,7,<50,Кин,304
net,7,<50,Палатки,54
one,6,<50,Ноутбуки,57
one,8,<50,Наушники,36
one,8,>=50,Надувные,13
mail.ru,7,<50,Парфюмерия,29
mail.ru,8,>=50,Экскурс,11
mail.ru,7,<50,Ноутбуки,61
tv,6,>=50,Парфюмерия,44
mail.ru,8,<50,Наушники,39
com,8,<50,Велосипеды,1502
mail.ru,8,>=50,Вентиляторы,38
mail.ru,7,<50,Путешестви,10
mail.ru,7,>=50,Смартфоны,43
ru,6,<50,Купальник,69
one,7,<50,Парфюмерия,33
net,7,>=50,Туристические,10
mail.ru,7,>=50,Ноутбуки,52
tv,8,>=50,Кофеварки,26
net,7,>=50,Ноутбуки,69
ru,6,<50,Надувные,69
tv,6,>=50,Ноутбуки,59
com,7,>=50,Телевизоры,976
mail.ru,6,>=50,Кофеварки,35
one,7,>=50,Наушники,34
one,6,<50,Парфюмерия,35
mail.ru,7,>=50,Гироскутеры,40
tv,7,>=50,Наушники,43
com,7,>=50,Сериал,310
net,7,<50,Микроволновые,28
mail.ru,7,<50,Наручные,36
net,7,<50,Умные,28
com,6,<50,Микроволновые,1202
net,8,>=50,Телевизоры,25
tv,8,<50,Микроволновые,43
ru,8,<50,Купальник,64
one,6,<50,Кофеварки,27
mail.ru,8,>=50,Смартфоны,44
mail.ru,6,<50,Кондиционеры,37
ru,6,<50,Чемодан,68
com,6,>=50,Экскурс,334
one,6,<50,Экскурс,7
com,8,<50,Газонокосилки,1541
com,6,<50,Телевизоры,910
tv,6,<50,Холодильники,48
net,7,>=50,Наушники,27
net,8,>=50,Туристические,7
com,6,<50,Умные,862
one,6,>=50,Чемодан,8
net,7,<50,Сумк,8
one,6,<50,Чемодан,8
net,8,>=50,Наручные,39
tv,8,>=50,Газонокосилки,49
one,6,>=50,Компьютерные,12
one,8,>=50,Микроволновые,42
net,8,<50,Путешестви,12
com,6,>=50,Парфюмерия,1259
one,7,<50,Кофеварки,22
net,8,<50,Наушники,43
one,6,<50,Сумк,10
com,6,<50,Сериал,285
one,8,<50,Вентиляторы,31
mail.ru,6,<50,Телевизоры,33
com,6,>=50,Газонокосилки,1479
tv,7,>=50,Гироскутеры,39
tv,6,<50,Смартфоны,35
net,6,>=50,Сумк,11
net,7,>=50,Наручные,50
one,8,>=50,Чемодан,11
tv,7,>=50,Компьютерные,5
one,8,<50,Холодильники,60
mail.ru,7,<50,Гироскутеры,36
mail.ru,6,>=50,Компьютерные,8
mail.ru,6,<50,Умные,12
net,8,>=50,Микроволновые,41
net,7,<50,Вентиляторы,25
mail.ru,8,>=50,Гироскутеры,43
mail.ru,7,<50,Туристические,7
tv,6,>=50,Гироскутеры,46
net,8,<50,Компьютерные,8
net,6,>=50,Наручные,36
one,8,>=50,Туристические,11
one,6,<50,Телевизоры,23
com,6,>=50,Вентиляторы,1224
com,6,<50,Ноутбуки,2080
one,6,>=50,Гироскутеры,32
com,8,<50,Чемодан,314
net,6,<50,Вентиляторы,31
mail.ru,7,>=50,Газонокосилки,58
net,7,<50,Надувные,6
one,8,<50,Компьютерные,8
tv,6,<50,Умные,28
tv,8,<50,Кофеварки,26
com,8,<50,Смартфоны,1553
net,6,>=50,Микроволновые,33
ru,7,<50,Чемодан,65
tv,7,>=50,Путешестви,5
one,6,<50,Микроволновые,25
one,7,<50,Гироскутеры,29
com,7,>=50,Наушники,1258
one,7,<50,Телевизоры,15
net,7,>=50,Велосипеды,50
tv,8,<50,Телевизоры,32
tv,7,<50,Наручные,39
net,8,<50,Кондиционеры,46
one,7,<50,Надувные,10
tv,8,<50,Компьютерные,11
mail.ru,6,<50,Ролик,7
tv,6,<50,Палатки,25
one,8,<50,Купальник,10
mail.ru,6,<50,Парфюмерия,31
one,7,<50,Ролик,9
one,6,>=50,Телевизоры,20
one,8,<50,Концерт,15
com,7,>=50,Наручные,1587
one,8,>=50,Холодильники,51
tv,6,<50,Кондиционеры,37
one,7,>=50,Сериал,6
com,8,<50,Телевизоры,967
tv,7,<50,Телевизоры,29
mail.ru,7,>=50,Умные,33
net,8,>=50,Вентиляторы,39
tv,7,<50,Гироскутеры,26
tv,7,<50,Надувные,12
mail.ru,8,<50,Холодильники,46
mail.ru,8,<50,Чемодан,11
one,7,<50,Концерт,9
net,7,>=50,Холодильники,55
com,7,>=50,Гироскутеры,1313
net,7,<50,Ролик,9
ru,7,<50,Сумк,68
ru,8,<50,Ролик,56
mail.ru,6,<50,Сумк,12
tv,8,<50,Палатки,44
mail.ru,7,>=50,Туристические,8
net,6,<50,Газонокосилки,54
mail.ru,7,>=50,Велосипеды,51
one,6,<50,Палатки,52
mail.ru,7,<50,Холодильники,55
net,6,<50,Ролик,8
com,8,>=50,Кофеварки,949
one,7,>=50,Парфюмерия,30
tv,6,<50,Кин,9
net,7,<50,Кофеварки,25
net,6,<50,Сумк,12
com,8,>=50,Смартфоны,1570
mail.ru,6,<50,Газонокосилки,51
mail.ru,7,>=50,Микроволновые,44
tv,6,>=50,Вентиляторы,37
tv,8,>=50,Вентиляторы,40
one,6,<50,Наручные,50
com,6,<50,Газонокосилки,1549
net,6,>=50,Кондиционеры,37
net,7,<50,Путешестви,7
tv,8,<50,Кин,8
one,7,>=50,Смартфоны,55
mail.ru,6,>=50,Экскурс,5
one,7,<50,Ноутбуки,81
net,8,>=50,Кофеварки,34
net,6,>=50,Велосипеды,41
net,8,>=50,Сериал,11
one,8,<50,Туристические,9
mail.ru,7,>=50,Палатки,30
one,6,<50,Смартфоны,38
net,7,<50,Газонокосилки,39
com,8,>=50,Экскурс,302
tv,8,>=50,Смартфоны,43
net,7,>=50,Кофеварки,30
ru,6,>=50,Путешестви,76
net,6,<50,Холодильники,46
net,6,<50,Микроволновые,27
tv,8,<50,Гироскутеры,39
net,6,<50,Палатки,45
ru,8,<50,Путешестви,71
com,6,>=50,Велосипеды,1535
com,7,>=50,Надувные,307
com,8,<50,Наушники,1190
net,7,<50,Парфюмерия,41
net,6,<50,Телевизоры,23
one,6,<50,Надувные,9
ru,7,>=50,Сумк,79
net,7,<50,Туристические,6
mail.ru,8,>=50,Сериал,12
mail.ru,7,>=50,Наушники,37
com,8,<50,Сумк,285
tv,8,<50,Планшеты,42
net,7,<50,Холодильники,42
com,6,<50,Купальник,284
com,6,<50,Чемодан,295
net,7,>=50,Микроволновые,30
com,6,>=50,Кондиционеры,1604
com,6,>=50,Туристические,302
one,7,>=50,Ноутбуки,79
mail.ru,6,<50,Сериал,8
mail.ru,8,<50,Гироскутеры,40
one,8,<50,Микроволновые,49
net,6,>=50,Компьютерные,5
net,8,>=50,Гироскутеры,43
tv,6,>=50,Смартфоны,40
net,6,>=50,Газонокосилки,42
net,7,>=50,Смартфоны,43
net,8,>=50,Надувные,7
one,7,>=50,Микроволновые,26
tv,6,>=50,Наушники,35
mail.ru,6,>=50,Вентиляторы,31
one,8,>=50,Планшеты,68
mail.ru,7,<50,Велосипеды,41
net,8,<50,Планшеты,56
com,7,<50,Холодильники,1893
ru,7,<50,Экскурс,66
net,7,>=50,Телевизоры,26
net,8,<50,Холодильники,49
mail.ru,8,>=50,Планшеты,46
com,7,<50,Компьютерные,293
mail.ru,8,<50,Кофеварки,32
one,8,>=50,Экскурс,7
tv,6,>=50,Кофеварки,30
com,7,<50,Туристические,325
tv,7,>=50,Смартфоны,42
one,6,<50,Газонокосилки,44
mail.ru,6,>=50,Чемодан,13
mail.ru,6,<50,Наушники,37
one,7,>=50,Туристические,11
net,8,<50,Кин,9
net,6,>=50,Экскурс,6
mail.ru,7,<50,Планшеты,60
com,6,<50,Смартфоны,1445
mail.ru,8,>=50,Холодильники,62
mail.ru,8,<50,Туристические,7
tv,7,>=50,Палатки,50
mail.ru,8,<50,Парфюмерия,32
com,6,>=50,Планшеты,1939
net,7,>=50,Кин,8
mail.ru,6,<50,Холодильники,54
tv,7,<50,Экскурс,6
mail.ru,8,>=50,Микроволновые,50
one,6,<50,Сериал,6
com,7,<50,Вентиляторы,1258
mail.ru,7,<50,Газонокосилки,46
one,6,>=50,Умные,23
net,8,>=50,Умные,28
tv,6,<50,Наушники,33
ru,6,>=50,Экскурс,62
mail.ru,8,>=50,Кофеварки,26
com,8,<50,Парфюмерия,1261
com,8,<50,Сериал,288
tv,6,>=50,Сумк,7
tv,7,<50,Наушники,32
mail.ru,6,<50,Наручные,37
tv,8,<50,Купальник,9
net,6,<50,Экскурс,8
net,6,>=50,Телевизоры,24
mail.ru,7,>=50,Вентиляторы,30
mail.ru,6,<50,Кофеварки,29
com,7,>=50,Сумк,323
tv,7,>=50,Телевизоры,32
one,7,>=50,Наручные,43
one,8,<50,Экскурс,9
net,7,>=50,Купальник,9
ru,6,>=50,Туристические,77
net,8,>=50,Холодильники,47
tv,6,<50,Гироскутеры,36
com,8,>=50,Сериал,337
ru,8,>=50,Надувные,73
com,6,<50,Парфюмерия,1127
ru,6,<50,Сериал,66
one,7,>=50,Кин,8
net,8,<50,Концерт,11
tv,6,>=50,Холодильники,60
net,8,>=50,Путешестви,10
com,7,<50,Ролик,314
tv,8,>=50,Наушники,35
net,7,>=50,Планшеты,38
com,7,<50,Сумк,296
com,8,>=50,Парфюмерия,1268
one,6,>=50,Планшеты,38
com,6,<50,Сумк,306
one,8,>=50,Ролик,5
one,6,<50,Концерт,10
com,7,<50,Ноутбуки,2012
one,8,<50,Смартфоны,53
mail.ru,7,<50,Палатки,35
ru,8,>=50,Компьютерные,67
tv,7,<50,Кин,8
net,8,>=50,Парфюмерия,34
com,8,>=50,Велосипеды,1646
com,6,<50,Палатки,1477
com,8,>=50,Надувные,298
net,6,>=50,Палатки,41
mail.ru,7,>=50,Сумк,9
one,7,<50,Умные,23
mail.ru,6,>=50,Телевизоры,20
net,8,<50,Вентиляторы,28
com,6,<50,Холодильники,1803
one,8,>=50,Путешестви,5
mail.ru,6,>=50,Надувные,10
net,6,<50,Умные,25
tv,7,>=50,Велосипеды,46
mail.ru,6,>=50,Купальник,8
net,7,<50,Компьютерные,13
mail.ru,6,<50,Экскурс,9
com,8,>=50,Наушники,1333
com,7,>=50,Концерт,311
one,7,<50,Сумк,7
net,7,<50,Наушники,35
mail.ru,6,<50,Концерт,7
com,8,<50,Умные,959
one,7,<50,Кин,12
com,7,<50,Газонокосилки,1513
tv,8,>=50,Ролик,9
mail.ru,8,<50,Вентиляторы,32
one,8,>=50,Компьютерные,10
tv,7,<50,Концерт,10
tv,8,<50,Умные,27
mail.ru,8,<50,Ролик,12
tv,6,>=50,Чемодан,11
mail.ru,6,>=50,Смартфоны,44
com,8,<50,Туристические,304
mail.ru,6,<50,Кин,12
tv,8,>=50,Чемодан,7
com,8,>=50,Купальник,339
com,7,<50,Надувные,342
mail.ru,6,>=50,Кондиционеры,39
tv,6,<50,Сумк,9
tv,6,<50,Ролик,11
net,8,>=50,Экскурс,12
com,6,>=50,Палатки,1591
tv,7,>=50,Туристические,16
com,6,>=50,Путешестви,290
mail.ru,6,<50,Вентиляторы,32
mail.ru,8,>=50,Кин,6
one,8,>=50,Вентиляторы,27
mail.ru,8,<50,Сериал,11
tv,8,<50,Парфюмерия,27
one,8,>=50,Парфюмерия,24
mail.ru,7,<50,Чемодан,6
net,6,<50,Чемодан,7
mail.ru,7,<50,Экскурс,9
mail.ru,6,>=50,Гироскутеры,23
mail.ru,8,>=50,Чемодан,11
com,7,<50,Экскурс,290
one,8,<50,Кофеварки,19
com,7,>=50,Кондиционеры,1605
tv,6,>=50,Сериал,5
tv,8,<50,Вентиляторы,32
one,6,>=50,Экскурс,5
one,7,<50,Сериал,7
com,7,>=50,Парфюмерия,1255
com,7,>=50,Микроволновые,1201
net,7,>=50,Парфюмерия,41
com,6,<50,Вентиляторы,1172
com,7,<50,Смартфоны,1572
mail.ru,8,<50,Умные,25
mail.ru,6,>=50,Концерт,10
net,8,<50,Палатки,33
tv,8,>=50,Велосипеды,41
mail.ru,7,>=50,Путешестви,10
tv,7,>=50,Чемодан,7
tv,6,>=50,Кин,8
net,8,<50,Надувные,10
net,7,>=50,Чемодан,10
tv,8,>=50,Телевизоры,22
one,8,<50,Путешестви,9
com,6,>=50,Концерт,287
one,8,<50,Ролик,8
com,6,>=50,Надувные,325
one,8,<50,Телевизоры,32
one,7,<50,Вентиляторы,31
one,6,<50,Кин,12
tv,7,<50,Сумк,9
one,8,>=50,Купальник,10
tv,6,<50,Парфюмерия,38
tv,6,<50,Вентиляторы,34
com,8,<50,Наручные,1572
net,6,>=50,Надувные,7
tv,8,>=50,Компьютерные,11
ru,6,<50,Концерт,71
com,7,>=50,Купальник,321
net,8,>=50,Сумк,9
mail.ru,8,<50,Телевизоры,22
com,6,<50,Туристические,332
com,6,<50,Концерт,266
com,6,>=50,Сериал,323
tv,7,>=50,Микроволновые,27
tv,6,<50,Компьютерные,11
mail.ru,6,<50,Туристические,10
net,8,<50,Сериал,6
tv,8,>=50,Холодильники,43
net,7,>=50,Сумк,10
mail.ru,7,<50,Купальник,8
com,7,>=50,Ролик,336
net,8,<50,Туристические,10
mail.ru,8,>=50,Сумк,11
net,7,<50,Гироскутеры,42
net,6,<50,Компьютерные,7
com,6,<50,Гироскутеры,1222
one,8,>=50,Сумк,5
net,7,<50,Экскурс,10
one,7,>=50,Умные,27
tv,8,<50,Ролик,8
one,7,>=50,Кофеварки,26
mail.ru,7,<50,Концерт,9
net,6,>=50,Сериал,9
tv,7,<50,Чемодан,11
mail.ru,6,>=50,Наручные,36
mail.ru,6,>=50,Путешестви,6
net,7,>=50,Концерт,10
com,6,>=50,Ролик,298
one,7,<50,Путешестви,12
mail.ru,7,>=50,Экскурс,12
one,6,>=50,Сериал,8
mail.ru,7,<50,Ролик,7
one,7,<50,Экскурс,7
com,7,<50,Концерт,303
one,6,>=50,Путешестви,16
net,7,>=50,Компьютерные,7
com,6,<50,Ролик,291
one,8,<50,Чемодан,12
mail.ru,8,<50,Купальник,9
com,8,>=50,Телевизоры,966
com,6,<50,Компьютерные,328
com,6,>=50,Купальник,354
mail.ru,6,>=50,Умные,27
tv,6,>=50,Компьютерные,9
net,8,<50,Сумк,14
one,7,>=50,Концерт,7
com,7,>=50,Чемодан,295
net,8,>=50,Компьютерные,11
mail.ru,6,>=50,Сумк,9
tv,7,<50,Умные,24
tv,8,<50,Туристические,9
net,6,<50,Купальник,12
com,6,>=50,Умные,1009
net,8,<50,Экскурс,9
tv,7,>=50,Экскурс,11
one,7,>=50,Компьютерные,7
net,7,<50,Чемодан,12
mail.ru,8,>=50,Газонокосилки,27
com,8,>=50,Кин,318
net,6,>=50,Вентиляторы,38
mail.ru,6,<50,Компьютерные,10
net,6,<50,Надувные,7
net,6,<50,Сериал,8
one,6,<50,Путешестви,10
com,8,<50,Ролик,334
com,8,<50,Концерт,312
tv,7,>=50,Умные,27
mail.ru,6,>=50,Туристические,6
mail.ru,8,<50,Экскурс,9
tv,6,>=50,Купальник,6
mail.ru,8,>=50,Надувные,5
tv,7,<50,Путешестви,7
net,6,<50,Кин,9
net,7,>=50,Экскурс,17
mail.ru,8,<50,Путешестви,7
mail.ru,8,<50,Кин,8
com,6,<50,Кофеварки,876
net,7,<50,Купальник,5
one,7,<50,Компьютерные,13
com,6,<50,Надувные,279
one,7,>=50,Купальник,11
net,7,<50,Сериал,12
tv,8,<50,Экскурс,8
mail.ru,8,>=50,Туристические,11
one,7,<50,Купальник,6
com,8,>=50,Умные,918
com,8,<50,Кин,297
one,6,>=50,Ролик,6
tv,8,>=50,Экскурс,5
com,6,>=50,Кин,325
com,6,<50,Кин,276
one,6,>=50,Кин,12
one,8,<50,Сериал,7
net,6,<50,Концерт,8
net,7,<50,Кин,5
tv,8,<50,Концерт,9
mail.ru,8,>=50,Концерт,5
one,8,<50,Сумк,10
one,6,>=50,Концерт,9
tv,7,<50,Туристические,8
tv,6,<50,Экскурс,7
mail.ru,7,>=50,Ролик,7
tv,7,<50,Купальник,6
one,8,<50,Кин,5
net,8,>=50,Купальник,6
mail.ru,8,<50,Сумк,6
mail.ru,7,<50,Компьютерные,9
net,8,<50,Парфюмерия,25
net,6,>=50,Купальник,12
one,6,<50,Туристические,9
one,7,>=50,Путешестви,6
tv,7,<50,Ролик,11
mail.ru,7,<50,Кин,12
tv,6,<50,Сериал,10
one,6,<50,Компьютерные,7
com,8,>=50,Сумк,322
com,8,>=50,Путешестви,315
com,6,>=50,Сумк,322
net,7,>=50,Умные,18
net,8,>=50,Кин,6
mail.ru,7,>=50,Кин,6
com,8,<50,Купальник,273
tv,6,>=50,Надувные,8
com,6,>=50,Чемодан,340
tv,6,>=50,Концерт,8
tv,8,>=50,Путешестви,5
mail.ru,8,>=50,Путешестви,8
com,8,>=50,Компьютерные,321
net,6,>=50,Кин,8
one,7,<50,Чемодан,5
tv,6,>=50,Ролик,12
com,6,<50,Путешестви,277
tv,6,<50,Туристические,6
tv,6,<50,Чемодан,7
net,6,>=50,Путешестви,10
tv,6,<50,Надувные,11
tv,8,>=50,Туристические,11
one,6,<50,Купальник,8
tv,6,<50,Купальник,10
mail.ru,7,>=50,Компьютерные,6
net,6,>=50,Чемодан,9
mail.ru,6,<50,Купальник,5
tv,8,>=50,Кин,10
tv,8,<50,Сериал,6
one,6,<50,Ролик,11
com,8,<50,Экскурс,289
one,7,<50,Туристические,6
net,7,>=50,Сериал,12
mail.ru,8,>=50,Купальник,5
com,7,>=50,Компьютерные,310
mail.ru,7,>=50,Надувные,5
com,8,<50,Компьютерные,327
one,6,>=50,Туристические,8
tv,7,>=50,Ролик,9
one,6,>=50,Сумк,7
net,6,<50,Путешестви,7
com,8,>=50,Туристические,295
com,7,<50,Чемодан,322
net,7,>=50,Надувные,7
one,7,>=50,Экскурс,8
mail.ru,6,>=50,Ролик,7
com,8,>=50,Чемодан,343
tv,7,>=50,Сериал,5
com,6,>=50,Компьютерные,323
tv,8,<50,Сумк,6
one,7,>=50,Надувные,7
net,7,>=50,Путешестви,9
org,6,>=50,Велосипеды,46
fm,7,>=50,Концерт,18
apple.com,8,>=50,Смартфоны,57
qq.com,8,>=50,Смартфоны,53
apple.com,7,<50,Палатки,48
jp,7,<50,Кондиционеры,50
apple.com,7,>=50,Смартфоны,43
qq.com,7,<50,Планшеты,66
fm,6,<50,Смартфоны,50
qq.com,6,<50,Кофеварки,29
qq.com,6,>=50,Кофеварки,28
org,8,<50,Ноутбуки,54
apple.com,7,<50,Планшеты,64
fm,6,<50,Кондиционеры,51
org,7,>=50,Газонокосилки,53
qq.com,7,<50,Кондиционеры,47
fm,6,>=50,Газонокосилки,54
org,6,>=50,Телевизоры,24
apple.com,7,>=50,Ноутбуки,61
jp,8,<50,Палатки,43
fm,8,>=50,Наручные,52
org,6,<50,Вентиляторы,47
fm,7,<50,Наручные,49
qq.com,8,<50,Холодильники,62
org,6,<50,Ноутбуки,60
apple.com,7,<50,Умные,25
jp,6,<50,Путешестви,13
apple.com,8,>=50,Палатки,60
qq.com,6,>=50,Кондиционеры,57
qq.com,8,>=50,Наушники,55
apple.com,8,<50,Путешестви,9
org,8,<50,Наушники,38
fm,6,>=50,Парфюмерия,33
apple.com,6,<50,Ноутбуки,76
qq.com,7,>=50,Планшеты,58
qq.com,6,>=50,Ноутбуки,65
jp,7,<50,Телевизоры,26
apple.com,7,<50,Холодильники,43
jp,8,<50,Туристические,12
org,7,<50,Купальник,6
qq.com,7,>=50,Велосипеды,63
apple.com,6,>=50,Наручные,59
fm,7,<50,Кондиционеры,60
fm,8,<50,Микроволновые,33
fm,7,<50,Умные,27
apple.com,7,<50,Газонокосилки,49
jp,7,>=50,Сериал,9
jp,8,<50,Ноутбуки,66
fm,7,<50,Чемодан,5
fm,8,>=50,Велосипеды,46
qq.com,6,<50,Смартфоны,44
org,8,>=50,Ноутбуки,69
fm,8,>=50,Гироскутеры,44
qq.com,7,<50,Холодильники,52
org,8,>=50,Наушники,35
fm,6,<50,Холодильники,51
qq.com,7,<50,Кофеварки,32
apple.com,8,<50,Чемодан,9
apple.com,7,<50,Наушники,32
qq.com,6,<50,Парфюмерия,32
fm,6,<50,Планшеты,50
qq.com,8,>=50,Телевизоры,33
fm,6,<50,Палатки,51
apple.com,6,<50,Газонокосилки,51
qq.com,8,>=50,Наручные,53
jp,8,<50,Сумк,6
apple.com,8,>=50,Телевизоры,23
jp,7,>=50,Палатки,56
jp,8,<50,Наручные,38
jp,7,>=50,Телевизоры,22
org,8,<50,Вентиляторы,35
fm,6,<50,Ноутбуки,53
org,8,<50,Парфюмерия,37
jp,6,<50,Микроволновые,38
apple.com,7,>=50,Газонокосилки,47
qq.com,7,>=50,Вентиляторы,37
org,8,>=50,Смартфоны,49
qq.com,7,>=50,Наушники,51
apple.com,8,<50,Экскурс,11
fm,7,>=50,Вентиляторы,44
apple.com,8,<50,Палатки,55
jp,6,<50,Ноутбуки,62
org,7,<50,Наручные,45
jp,7,<50,Наушники,38
qq.com,6,>=50,Холодильники,57
qq.com,8,<50,Парфюмерия,36
qq.com,7,<50,Купальник,15
qq.com,8,>=50,Кондиционеры,55
org,6,>=50,Кондиционеры,47
org,6,<50,Сериал,10
jp,6,>=50,Планшеты,60
apple.com,8,>=50,Чемодан,14
fm,8,<50,Ноутбуки,55
apple.com,6,<50,Телевизоры,28
jp,6,>=50,Компьютерные,15
apple.com,7,>=50,Гироскутеры,46
org,6,>=50,Купальник,7
jp,6,>=50,Гироскутеры,39
jp,7,>=50,Кин,10
fm,8,>=50,Умные,24
qq.com,7,>=50,Экскурс,8
qq.com,6,>=50,Велосипеды,49
org,6,>=50,Микроволновые,29
fm,7,>=50,Палатки,57
qq.com,6,>=50,Палатки,43
qq.com,6,<50,Планшеты,55
fm,7,>=50,Телевизоры,36
fm,8,<50,Кофеварки,28
fm,8,<50,Планшеты,49
fm,8,>=50,Парфюмерия,39
jp,6,>=50,Кондиционеры,61
apple.com,6,>=50,Чемодан,8
apple.com,6,>=50,Вентиляторы,39
jp,6,<50,Кондиционеры,38
fm,8,<50,Наушники,45
qq.com,8,<50,Наручные,45
apple.com,6,>=50,Холодильники,43
fm,8,>=50,Кондиционеры,53
org,8,>=50,Велосипеды,54
jp,8,<50,Телевизоры,37
jp,7,>=50,Вентиляторы,31
fm,8,>=50,Вентиляторы,48
org,6,>=50,Смартфоны,40
apple.com,7,<50,Компьютерные,10
org,7,>=50,Вентиляторы,46
qq.com,7,<50,Умные,22
org,8,<50,Смартфоны,39
apple.com,6,>=50,Палатки,37
org,7,<50,Экскурс,12
jp,6,>=50,Наручные,41
qq.com,6,>=50,Микроволновые,38
org,8,<50,Холодильники,44
fm,8,<50,Сумк,11
jp,7,>=50,Парфюмерия,36
apple.com,6,<50,Кофеварки,30
org,6,>=50,Планшеты,58
jp,6,<50,Наушники,33
apple.com,7,<50,Парфюмерия,35
fm,6,<50,Гироскутеры,44
org,8,<50,Сериал,8
org,8,>=50,Микроволновые,36
apple.com,6,<50,Планшеты,55
fm,7,<50,Газонокосилки,48
apple.com,6,<50,Кондиционеры,40
org,8,>=50,Компьютерные,5
fm,6,<50,Сумк,12
qq.com,7,<50,Микроволновые,31
org,7,<50,Газонокосилки,57
apple.com,8,<50,Газонокосилки,50
org,7,<50,Ноутбуки,59
fm,6,<50,Умные,29
jp,8,>=50,Ноутбуки,73
apple.com,7,<50,Микроволновые,39
apple.com,6,<50,Экскурс,16
jp,8,<50,Парфюмерия,34
org,7,<50,Велосипеды,44
fm,6,>=50,Вентиляторы,29
fm,8,>=50,Микроволновые,43
qq.com,8,<50,Телевизоры,33
fm,8,<50,Вентиляторы,30
jp,8,>=50,Газонокосилки,46
qq.com,8,<50,Наушники,44
jp,7,>=50,Смартфоны,50
org,7,>=50,Велосипеды,47
org,8,<50,Палатки,46
org,6,<50,Купальник,13
jp,6,<50,Велосипеды,40
apple.com,7,>=50,Холодильники,47
qq.com,7,<50,Ноутбуки,50
jp,8,<50,Холодильники,61
apple.com,8,>=50,Велосипеды,39
apple.com,8,<50,Ноутбуки,70
apple.com,7,<50,Концерт,5
fm,6,>=50,Смартфоны,42
jp,8,>=50,Гироскутеры,41
qq.com,8,>=50,Вентиляторы,40
apple.com,7,>=50,Ролик,17
fm,6,<50,Компьютерные,12
fm,8,>=50,Сериал,9
fm,6,>=50,Холодильники,56
apple.com,8,<50,Сумк,9
org,6,>=50,Ноутбуки,71
qq.com,8,>=50,Гироскутеры,35
org,6,>=50,Палатки,43
fm,7,<50,Наушники,36
apple.com,8,>=50,Наручные,53
fm,7,<50,Смартфоны,46
qq.com,6,<50,Умные,23
apple.com,8,>=50,Планшеты,62
fm,8,>=50,Холодильники,59
qq.com,8,<50,Кин,13
fm,8,<50,Чемодан,14
org,8,>=50,Кондиционеры,56
fm,7,<50,Микроволновые,38
qq.com,6,>=50,Вентиляторы,42
qq.com,6,<50,Кондиционеры,43
apple.com,6,>=50,Кофеварки,25
apple.com,6,<50,Смартфоны,37
apple.com,8,<50,Кофеварки,38
jp,8,<50,Микроволновые,33
apple.com,7,>=50,Микроволновые,25
jp,7,>=50,Туристические,11
fm,7,<50,Ноутбуки,65
jp,6,>=50,Ролик,7
apple.com,8,<50,Компьютерные,9
org,7,>=50,Палатки,47
fm,8,>=50,Палатки,44
qq.com,6,>=50,Наушники,33
jp,7,<50,Смартфоны,41
apple.com,7,<50,Гироскутеры,32
jp,7,<50,Ноутбуки,66
jp,8,<50,Наушники,42
apple.com,8,<50,Сериал,15
apple.com,7,>=50,Наручные,51
jp,8,>=50,Туристические,10
org,7,<50,Кондиционеры,52
fm,8,<50,Умные,35
fm,8,>=50,Сумк,10
fm,6,<50,Экскурс,9
jp,7,>=50,Планшеты,65
jp,8,<50,Смартфоны,55
qq.com,7,<50,Велосипеды,53
org,6,>=50,Кин,9
org,8,>=50,Гироскутеры,44
jp,6,<50,Сумк,12
fm,8,<50,Смартфоны,45
fm,8,<50,Холодильники,63
apple.com,7,<50,Путешестви,11
fm,8,<50,Сериал,8
org,6,<50,Кондиционеры,44
qq.com,6,<50,Наушники,35
qq.com,7,<50,Парфюмерия,31
org,8,<50,Гироскутеры,38
apple.com,6,<50,Велосипеды,36
jp,7,<50,Газонокосилки,41
qq.com,6,<50,Ноутбуки,69
jp,6,>=50,Палатки,41
org,8,>=50,Парфюмерия,32
apple.com,6,>=50,Смартфоны,54
fm,6,<50,Наушники,33
fm,7,>=50,Надувные,15
fm,6,>=50,Наручные,55
qq.com,7,>=50,Купальник,9
apple.com,6,<50,Холодильники,65
qq.com,7,>=50,Надувные,12
apple.com,7,<50,Сумк,10
qq.com,7,>=50,Телевизоры,35
fm,7,>=50,Компьютерные,12
fm,8,>=50,Телевизоры,25
apple.com,8,>=50,Сумк,9
org,8,>=50,Планшеты,59
jp,6,>=50,Газонокосилки,55
org,7,<50,Планшеты,56
apple.com,7,<50,Смартфоны,49
org,6,>=50,Гироскутеры,42
apple.com,6,>=50,Кондиционеры,43
qq.com,6,<50,Палатки,42
jp,6,<50,Планшеты,69
apple.com,8,>=50,Ноутбуки,68
org,7,>=50,Планшеты,66
org,7,>=50,Гироскутеры,43
qq.com,6,>=50,Смартфоны,38
apple.com,8,<50,Наушники,32
jp,7,<50,Велосипеды,44
jp,8,<50,Умные,28
org,8,<50,Газонокосилки,52
fm,7,>=50,Кондиционеры,50
fm,8,<50,Телевизоры,23
fm,8,>=50,Кин,17
jp,8,<50,Планшеты,57
org,7,<50,Смартфоны,44
fm,6,>=50,Купальник,8
fm,8,>=50,Кофеварки,29
jp,8,>=50,Велосипеды,47
fm,8,<50,Кондиционеры,46
fm,6,<50,Вентиляторы,47
qq.com,8,<50,Кофеварки,34
qq.com,6,<50,Вентиляторы,41
jp,6,<50,Смартфоны,58
qq.com,7,>=50,Смартфоны,56
qq.com,7,>=50,Ноутбуки,76
qq.com,6,<50,Купальник,13
jp,7,<50,Гироскутеры,35
apple.com,8,>=50,Кин,9
jp,6,<50,Газонокосилки,43
jp,6,>=50,Смартфоны,41
fm,7,<50,Парфюмерия,36
jp,7,>=50,Концерт,13
qq.com,8,<50,Сумк,13
apple.com,7,<50,Наручные,53
apple.com,8,<50,Телевизоры,28
qq.com,8,>=50,Велосипеды,36
fm,7,>=50,Холодильники,71
org,7,<50,Микроволновые,37
apple.com,7,>=50,Велосипеды,49
fm,7,<50,Велосипеды,47
qq.com,6,>=50,Гироскутеры,36
jp,8,>=50,Палатки,41
fm,6,<50,Микроволновые,49
qq.com,8,>=50,Сериал,10
qq.com,6,>=50,Наручные,55
fm,6,>=50,Кондиционеры,54
fm,7,>=50,Гироскутеры,46
jp,6,<50,Вентиляторы,27
org,6,<50,Путешестви,8
qq.com,8,<50,Ноутбуки,51
qq.com,6,>=50,Газонокосилки,41
fm,7,<50,Холодильники,69
qq.com,6,<50,Велосипеды,34
apple.com,7,>=50,Парфюмерия,39
jp,6,>=50,Наушники,49
jp,7,<50,Вентиляторы,40
org,7,<50,Чемодан,13
jp,8,>=50,Ролик,9
fm,6,<50,Парфюмерия,33
jp,7,>=50,Наушники,46
jp,6,>=50,Велосипеды,53
apple.com,8,>=50,Кондиционеры,41
qq.com,6,>=50,Планшеты,51
fm,6,>=50,Телевизоры,38
fm,7,<50,Планшеты,55
org,7,<50,Ролик,9
qq.com,6,>=50,Экскурс,11
fm,8,<50,Велосипеды,49
apple.com,6,>=50,Микроволновые,33
org,7,>=50,Ноутбуки,61
apple.com,6,<50,Концерт,15
apple.com,6,<50,Микроволновые,42
fm,6,<50,Телевизоры,26
fm,8,>=50,Компьютерные,15
apple.com,8,<50,Купальник,11
qq.com,7,>=50,Компьютерные,5
qq.com,8,<50,Газонокосилки,45
fm,7,>=50,Газонокосилки,59
apple.com,8,<50,Вентиляторы,46
qq.com,7,<50,Газонокосилки,43
qq.com,7,>=50,Кондиционеры,39
fm,6,<50,Ролик,10
qq.com,8,>=50,Парфюмерия,32
apple.com,7,<50,Кондиционеры,46
fm,7,>=50,Ноутбуки,67
jp,7,>=50,Микроволновые,40
fm,6,<50,Наручные,55
qq.com,8,>=50,Купальник,8
org,8,>=50,Наручные,35
qq.com,8,>=50,Ноутбуки,68
qq.com,6,<50,Гироскутеры,41
apple.com,7,>=50,Сериал,7
qq.com,7,>=50,Гироскутеры,31
apple.com,7,<50,Чемодан,16
org,6,>=50,Наручные,46
org,6,>=50,Компьютерные,8
apple.com,7,>=50,Наушники,45
org,6,<50,Кофеварки,35
apple.com,8,>=50,Путешестви,11
fm,6,>=50,Умные,27
qq.com,7,<50,Экскурс,10
org,7,<50,Парфюмерия,43
apple.com,8,<50,Умные,27
org,7,>=50,Купальник,8
fm,7,<50,Кофеварки,29
apple.com,6,>=50,Наушники,34
apple.com,6,<50,Наушники,36
org,7,<50,Умные,28
qq.com,7,<50,Телевизоры,24
fm,6,>=50,Ноутбуки,45
qq.com,8,<50,Надувные,10
org,6,<50,Наушники,42
jp,8,>=50,Телевизоры,32
jp,7,>=50,Кондиционеры,56
org,6,<50,Холодильники,59
apple.com,8,<50,Наручные,48
qq.com,7,>=50,Кофеварки,38
org,7,<50,Вентиляторы,39
jp,8,>=50,Холодильники,67
jp,6,>=50,Микроволновые,36
qq.com,6,<50,Надувные,11
jp,7,>=50,Ноутбуки,77
apple.com,6,<50,Гироскутеры,34
org,6,<50,Газонокосилки,51
apple.com,6,>=50,Ноутбуки,65
qq.com,7,<50,Палатки,42
org,8,<50,Наручные,38
apple.com,7,>=50,Экскурс,9
apple.com,8,>=50,Экскурс,10
fm,7,>=50,Микроволновые,50
jp,8,<50,Путешестви,14
jp,6,<50,Наручные,42
qq.com,6,<50,Туристические,7
apple.com,6,<50,Путешестви,7
apple.com,7,>=50,Палатки,46
fm,6,<50,Велосипеды,48
qq.com,7,<50,Смартфоны,56
jp,7,>=50,Купальник,9
org,6,<50,Планшеты,58
apple.com,6,>=50,Телевизоры,23
org,7,>=50,Телевизоры,25
jp,7,<50,Микроволновые,31
org,7,<50,Гироскутеры,35
org,6,<50,Чемодан,9
qq.com,6,>=50,Телевизоры,37
apple.com,6,>=50,Гироскутеры,36
fm,6,>=50,Кофеварки,22
fm,8,<50,Надувные,12
jp,8,>=50,Кофеварки,25
org,8,<50,Планшеты,62
org,8,<50,Микроволновые,43
apple.com,7,<50,Сериал,8
qq.com,8,>=50,Кофеварки,24
qq.com,8,<50,Микроволновые,40
apple.com,8,<50,Гироскутеры,41
jp,8,>=50,Парфюмерия,30
fm,8,<50,Наручные,47
jp,8,<50,Гироскутеры,37
org,7,>=50,Кондиционеры,42
qq.com,6,<50,Компьютерные,12
qq.com,6,>=50,Парфюмерия,34
fm,6,>=50,Сериал,9
apple.com,6,<50,Парфюмерия,42
qq.com,8,>=50,Компьютерные,11
org,8,<50,Велосипеды,38
fm,8,<50,Палатки,48
jp,8,>=50,Вентиляторы,45
apple.com,8,<50,Планшеты,55
org,6,<50,Телевизоры,29
fm,8,>=50,Смартфоны,37
fm,6,>=50,Концерт,7
org,8,<50,Телевизоры,25
jp,7,>=50,Наручные,52
fm,6,>=50,Палатки,46
apple.com,7,<50,Телевизоры,42
qq.com,6,<50,Наручные,43
qq.com,7,>=50,Чемодан,9
org,8,>=50,Вентиляторы,41
fm,7,<50,Ролик,7
qq.com,7,<50,Наручные,50
org,6,>=50,Холодильники,50
fm,6,>=50,Гироскутеры,28
org,7,>=50,Кофеварки,25
org,6,<50,Умные,27
org,7,>=50,Концерт,13
apple.com,6,>=50,Умные,31
qq.com,8,>=50,Холодильники,63
org,7,>=50,Холодильники,59
fm,7,>=50,Планшеты,61
org,6,>=50,Туристические,9
apple.com,8,>=50,Микроволновые,40
qq.com,6,>=50,Сериал,10
apple.com,8,<50,Парфюмерия,37
jp,8,>=50,Экскурс,7
jp,8,>=50,Планшеты,62
apple.com,6,>=50,Экскурс,12
fm,8,>=50,Планшеты,53
jp,8,>=50,Умные,27
apple.com,7,<50,Экскурс,9
org,6,<50,Ролик,11
fm,8,<50,Парфюмерия,51
qq.com,8,>=50,Палатки,51
org,6,>=50,Наушники,36
org,7,<50,Палатки,44
apple.com,6,>=50,Велосипеды,49
qq.com,7,<50,Наушники,41
jp,7,<50,Сериал,8
qq.com,8,<50,Велосипеды,49
fm,7,>=50,Велосипеды,56
apple.com,6,<50,Наручные,34
qq.com,8,<50,Планшеты,50
jp,8,<50,Газонокосилки,41
fm,6,>=50,Микроволновые,41
apple.com,6,>=50,Планшеты,50
apple.com,7,>=50,Путешестви,13
org,7,>=50,Надувные,13
jp,8,>=50,Смартфоны,53
fm,8,>=50,Концерт,8
apple.com,6,>=50,Парфюмерия,37
org,7,>=50,Парфюмерия,31
jp,6,<50,Гироскутеры,38
org,7,>=50,Сериал,15
apple.com,8,<50,Холодильники,53
jp,6,>=50,Вентиляторы,35
jp,6,<50,Палатки,40
jp,8,>=50,Наручные,51
qq.com,8,<50,Сериал,13
fm,8,>=50,Газонокосилки,51
fm,6,>=50,Компьютерные,19
qq.com,6,<50,Газонокосилки,58
jp,8,<50,Вентиляторы,46
apple.com,8,>=50,Холодильники,51
apple.com,7,>=50,Купальник,8
apple.com,7,>=50,Надувные,8
jp,7,<50,Холодильники,43
jp,7,>=50,Холодильники,52
fm,8,>=50,Экскурс,8
jp,8,>=50,Компьютерные,12
qq.com,7,<50,Путешестви,8
apple.com,7,<50,Вентиляторы,40
jp,6,<50,Холодильники,42
org,6,<50,Парфюмерия,45
org,8,>=50,Палатки,51
jp,8,<50,Концерт,9
apple.com,8,<50,Смартфоны,45
qq.com,7,>=50,Туристические,8
fm,8,>=50,Наушники,30
apple.com,8,<50,Кондиционеры,45
fm,7,<50,Вентиляторы,40
apple.com,7,<50,Надувные,14
jp,7,<50,Компьютерные,9
fm,7,>=50,Наушники,34
jp,6,>=50,Парфюмерия,39
jp,7,<50,Кин,13
fm,7,<50,Гироскутеры,36
qq.com,6,>=50,Купальник,9
qq.com,8,<50,Гироскутеры,39
org,8,>=50,Кофеварки,28
jp,8,<50,Экскурс,15
apple.com,6,<50,Палатки,46
org,8,<50,Кофеварки,28
qq.com,7,<50,Гироскутеры,36
fm,7,>=50,Чемодан,11
org,7,>=50,Смартфоны,57
qq.com,8,>=50,Туристические,12
fm,6,>=50,Наушники,33
jp,7,>=50,Кофеварки,31
fm,8,>=50,Ноутбуки,59
jp,7,>=50,Газонокосилки,49
qq.com,7,<50,Сериал,9
jp,7,<50,Планшеты,67
jp,6,<50,Умные,38
jp,7,>=50,Умные,38
apple.com,7,>=50,Планшеты,50
fm,8,<50,Путешестви,9
qq.com,7,<50,Концерт,10
qq.com,7,>=50,Газонокосилки,43
apple.com,7,<50,Велосипеды,47
jp,7,<50,Палатки,32
org,7,<50,Концерт,14
org,6,<50,Концерт,5
org,6,>=50,Парфюмерия,43
apple.com,7,<50,Ноутбуки,68
apple.com,6,>=50,Газонокосилки,42
org,7,<50,Надувные,7
jp,7,>=50,Велосипеды,48
jp,6,<50,Кофеварки,28
qq.com,8,>=50,Планшеты,43
apple.com,8,>=50,Купальник,13
org,8,>=50,Газонокосилки,32
org,8,>=50,Холодильники,59
apple.com,6,<50,Купальник,10
jp,7,<50,Наручные,44
apple.com,7,>=50,Умные,34
org,8,<50,Компьютерные,8
org,7,>=50,Микроволновые,30
qq.com,8,>=50,Умные,31
qq.com,6,>=50,Концерт,10
fm,7,>=50,Смартфоны,50
fm,7,>=50,Экскурс,5
qq.com,8,<50,Путешестви,12
jp,8,>=50,Микроволновые,41
qq.com,6,<50,Телевизоры,41
jp,8,<50,Кин,6
apple.com,7,>=50,Кондиционеры,48
fm,6,>=50,Сумк,6
qq.com,8,>=50,Ролик,10
qq.com,8,<50,Смартфоны,46
jp,6,>=50,Туристические,8
jp,7,<50,Концерт,8
jp,8,<50,Кофеварки,34
jp,6,>=50,Надувные,6
jp,6,<50,Телевизоры,34
org,6,>=50,Сериал,11
fm,6,<50,Сериал,6
qq.com,7,>=50,Микроволновые,38
apple.com,6,<50,Умные,31
apple.com,8,>=50,Парфюмерия,38
apple.com,8,<50,Велосипеды,39
qq.com,7,>=50,Палатки,43
jp,8,>=50,Купальник,6
fm,6,<50,Газонокосилки,46
jp,8,<50,Купальник,9
jp,6,>=50,Кин,17
org,8,<50,Кондиционеры,40
apple.com,7,>=50,Вентиляторы,39
org,6,<50,Наручные,36
fm,6,>=50,Велосипеды,46
qq.com,7,<50,Сумк,12
jp,8,>=50,Кондиционеры,43
jp,6,<50,Купальник,11
apple.com,6,<50,Чемодан,8
apple.com,6,<50,Сумк,14
org,6,>=50,Вентиляторы,43
apple.com,6,<50,Туристические,6
jp,7,<50,Парфюмерия,35
jp,6,<50,Надувные,10
fm,7,>=50,Кофеварки,34
fm,8,>=50,Ролик,8
jp,7,>=50,Компьютерные,14
qq.com,7,>=50,Умные,24
org,6,<50,Смартфоны,44
jp,7,<50,Умные,26
qq.com,8,<50,Кондиционеры,32
jp,7,<50,Кофеварки,26
apple.com,7,>=50,Телевизоры,34
jp,6,>=50,Ноутбуки,65
apple.com,7,<50,Ролик,10
apple.com,6,>=50,Сериал,10
fm,6,>=50,Кин,9
qq.com,6,<50,Микроволновые,42
org,8,>=50,Телевизоры,26
fm,7,>=50,Умные,31
apple.com,7,>=50,Кофеварки,23
qq.com,7,<50,Чемодан,16
apple.com,8,>=50,Туристические,9
qq.com,7,>=50,Парфюмерия,33
apple.com,8,<50,Туристические,11
org,7,<50,Холодильники,67
qq.com,8,>=50,Газонокосилки,44
org,8,<50,Умные,29
org,8,>=50,Ролик,12
jp,6,>=50,Холодильники,41
apple.com,7,>=50,Туристические,10
fm,6,>=50,Экскурс,7
qq.com,7,>=50,Холодильники,53
fm,8,<50,Газонокосилки,35
qq.com,7,>=50,Наручные,40
apple.com,8,>=50,Ролик,12
qq.com,8,>=50,Экскурс,7
fm,6,>=50,Планшеты,84
org,7,>=50,Наручные,57
org,6,<50,Микроволновые,28
jp,6,>=50,Экскурс,6
apple.com,8,>=50,Умные,29
fm,8,>=50,Чемодан,8
jp,8,<50,Кондиционеры,56
org,6,<50,Палатки,49
qq.com,6,>=50,Умные,30
apple.com,8,<50,Надувные,9
jp,6,>=50,Умные,29
qq.com,8,<50,Экскурс,10
org,6,>=50,Кофеварки,32
apple.com,8,>=50,Газонокосилки,53
qq.com,6,>=50,Ролик,7
fm,6,>=50,Чемодан,12
jp,8,>=50,Наушники,41
org,8,>=50,Сериал,15
org,7,<50,Телевизоры,29
apple.com,6,<50,Компьютерные,7
apple.com,8,>=50,Кофеварки,27
apple.com,8,>=50,Наушники,43
apple.com,6,<50,Вентиляторы,24
org,7,>=50,Туристические,13
apple.com,8,>=50,Вентиляторы,37
jp,7,>=50,Чемодан,9
fm,7,<50,Концерт,7
qq.com,8,<50,Вентиляторы,34
jp,7,>=50,Ролик,12
org,8,<50,Надувные,10
apple.com,7,>=50,Компьютерные,10
apple.com,7,>=50,Кин,7
org,6,>=50,Сумк,11
org,8,<50,Экскурс,10
fm,6,<50,Концерт,11
org,7,>=50,Умные,18
qq.com,8,<50,Палатки,48
qq.com,8,<50,Ролик,9
jp,6,>=50,Концерт,11
org,8,>=50,Купальник,16
jp,8,<50,Чемодан,11
org,7,<50,Компьютерные,17
qq.com,8,<50,Туристические,9
qq.com,7,<50,Ролик,8
apple.com,7,<50,Кофеварки,27
apple.com,8,<50,Микроволновые,26
jp,6,>=50,Путешестви,9
fm,8,<50,Гироскутеры,35
fm,7,>=50,Парфюмерия,39
org,8,>=50,Умные,28
org,7,>=50,Ролик,5
qq.com,7,>=50,Концерт,16
fm,6,<50,Чемодан,13
org,6,<50,Кин,9
org,7,<50,Кофеварки,24
jp,6,<50,Парфюмерия,41
jp,8,<50,Сериал,7
qq.com,6,>=50,Туристические,8
org,7,<50,Сумк,11
jp,7,>=50,Путешестви,7
fm,7,<50,Купальник,11
org,6,>=50,Путешестви,8
jp,6,>=50,Кофеварки,27
apple.com,8,>=50,Надувные,13
qq.com,8,>=50,Микроволновые,39
fm,7,<50,Компьютерные,14
jp,6,<50,Туристические,14
apple.com,7,>=50,Концерт,8
qq.com,8,<50,Компьютерные,5
fm,7,<50,Телевизоры,37
qq.com,8,<50,Умные,28
qq.com,7,>=50,Путешестви,9
fm,7,<50,Палатки,40
qq.com,7,<50,Туристические,10
qq.com,8,>=50,Концерт,7
qq.com,8,<50,Концерт,17
jp,8,>=50,Надувные,10
qq.com,6,<50,Чемодан,7
org,8,>=50,Сумк,12
apple.com,7,<50,Кин,12
apple.com,8,>=50,Гироскутеры,40
jp,7,>=50,Сумк,10
qq.com,6,<50,Ролик,14
apple.com,7,<50,Туристические,7
fm,8,>=50,Надувные,10
fm,7,>=50,Наручные,40
jp,7,>=50,Гироскутеры,29
org,6,<50,Гироскутеры,30
qq.com,6,>=50,Надувные,9
org,7,<50,Наушники,36
apple.com,8,>=50,Компьютерные,9
fm,7,<50,Туристические,11
fm,6,<50,Купальник,11
fm,8,<50,Экскурс,12
apple.com,6,<50,Сериал,9
qq.com,6,<50,Холодильники,54
jp,8,<50,Велосипеды,36
org,6,>=50,Газонокосилки,51
apple.com,6,<50,Надувные,10
jp,7,<50,Туристические,5
apple.com,6,>=50,Путешестви,16
org,8,>=50,Путешестви,18
qq.com,6,>=50,Чемодан,12
fm,6,>=50,Туристические,8
org,6,<50,Велосипеды,36
apple.com,7,>=50,Чемодан,9
org,6,<50,Сумк,14
org,8,<50,Сумк,10
qq.com,7,>=50,Сумк,12
qq.com,7,<50,Компьютерные,11
fm,6,<50,Кофеварки,37
jp,7,<50,Экскурс,8
org,7,<50,Туристические,6
jp,8,>=50,Концерт,8
org,7,<50,Кин,13
apple.com,6,>=50,Компьютерные,9
apple.com,8,<50,Кин,11
qq.com,8,>=50,Путешестви,7
qq.com,6,>=50,Кин,8
jp,6,>=50,Телевизоры,33
apple.com,6,>=50,Концерт,13
fm,8,>=50,Путешестви,8
apple.com,6,<50,Кин,7
fm,6,>=50,Ролик,6
apple.com,6,>=50,Сумк,8
org,6,>=50,Умные,19
apple.com,6,<50,Ролик,6
apple.com,6,>=50,Кин,17
org,7,<50,Путешестви,8
fm,7,>=50,Сериал,8
org,8,<50,Путешестви,6
apple.com,8,>=50,Сериал,10
qq.com,6,<50,Сумк,7
fm,6,<50,Кин,11
fm,7,<50,Путешестви,7
org,6,>=50,Ролик,8
apple.com,6,>=50,Туристические,11
org,8,>=50,Экскурс,7
fm,6,>=50,Путешестви,9
fm,7,<50,Кин,10
org,8,>=50,Туристические,10
jp,8,>=50,Сериал,13
jp,6,<50,Чемодан,10
fm,7,>=50,Сумк,8
fm,8,>=50,Туристические,14
qq.com,6,>=50,Сумк,9
qq.com,8,>=50,Надувные,8
fm,7,>=50,Ролик,12
fm,8,<50,Купальник,6
jp,8,>=50,Сумк,12
fm,7,<50,Сумк,9
apple.com,7,>=50,Сумк,20
org,7,>=50,Чемодан,9
qq.com,7,<50,Надувные,7
qq.com,8,>=50,Сумк,9
jp,8,<50,Компьютерные,10
qq.com,7,<50,Вентиляторы,29
org,7,>=50,Наушники,29
jp,6,<50,Ролик,5
qq.com,6,>=50,Компьютерные,13
org,6,>=50,Экскурс,8
fm,6,>=50,Надувные,8
fm,8,<50,Компьютерные,6
jp,7,<50,Чемодан,13
jp,8,>=50,Кин,5
qq.com,8,<50,Купальник,5
fm,6,<50,Туристические,13
org,6,>=50,Чемодан,9
jp,6,<50,Сериал,7
fm,7,<50,Надувные,5
org,7,>=50,Кин,9
qq.com,7,>=50,Сериал,10
qq.com,7,>=50,Кин,9
jp,6,<50,Компьютерные,13
org,8,<50,Концерт,9
qq.com,6,<50,Сериал,11
jp,7,<50,Надувные,9
org,8,>=50,Кин,12
jp,7,<50,Купальник,5
jp,7,<50,Сумк,10
org,8,<50,Туристические,7
org,7,<50,Сериал,6
jp,7,>=50,Надувные,16
qq.com,6,<50,Концерт,9
org,7,>=50,Путешестви,7
jp,6,<50,Экскурс,6
qq.com,6,<50,Путешестви,5
qq.com,8,>=50,Кин,10
fm,8,<50,Кин,8
fm,8,>=50,Купальник,7
org,6,<50,Компьютерные,7
jp,8,<50,Ролик,9
fm,8,<50,Туристические,8
jp,6,>=50,Сериал,6
org,6,<50,Экскурс,9
qq.com,8,<50,Чемодан,6
org,8,<50,Кин,8
qq.com,8,>=50,Чемодан,7
jp,7,>=50,Экскурс,10
org,8,<50,Купальник,6
jp,7,<50,Путешестви,6
org,6,<50,Туристические,11
fm,7,<50,Сериал,6
fm,7,>=50,Путешестви,10
fm,7,>=50,Кин,6
org,7,>=50,Сумк,7
apple.com,8,<50,Ролик,5
jp,6,>=50,Сумк,7
jp,6,>=50,Чемодан,5
fm,7,<50,Экскурс,5
jp,6,<50,Концерт,11
org,8,>=50,Чемодан,8
qq.com,6,<50,Кин,5
qq.com,7,<50,Кин,7
org,6,>=50,Концерт,7
org,6,<50,Надувные,8
org,7,>=50,Экскурс,10
jp,8,<50,Надувные,5
org,8,<50,Чемодан,5
org,7,>=50,Компьютерные,8
jp,8,>=50,Путешестви,11
org,8,>=50,Концерт,5
apple.com,6,>=50,Надувные,5
qq.com,6,>=50,Путешестви,9
jp,8,>=50,Чемодан,5
